{
  "generated_at_utc": "2026-04-08T01:18:36.490346+00:00",
  "dataset": {
    "path": "/app/app/ml/data/synthetic_readings.csv",
    "default_size": 12000,
    "default_seed": 42,
    "evaluated_samples": 12000
  },
  "model": {
    "type": "RandomForestClassifier",
    "params": {
      "n_estimators": 120,
      "max_depth": 10,
      "min_samples_leaf": 2,
      "random_state": 42
    }
  },
  "academic_gate": {
    "min_accuracy": 0.8,
    "min_f1": 0.8,
    "passed": true
  },
  "metrics": {
    "accuracy": 0.94125,
    "precision": 0.9363817097415507,
    "recall": 0.9244357212953876,
    "f1": 0.9303703703703704,
    "cv_f1_mean": 0.9251990315434595,
    "cv_f1_std": 0.0071807114387353686,
    "cv_precision_mean": 0.9254467090435572,
    "cv_recall_mean": 0.9250245338567222,
    "cv_folds": 5,
    "train_samples": 9600,
    "test_samples": 2400
  }
}